Municipios; Homicidio  Doloso;Vitimas de Homicidio Doloso; Latrocinio; Furtos;Abigeato*;Furto de Veiculo ; Roubos; Roubo de Veiculo; Estelionato; Delitos Relacionados a Armas e Municoes; Entorpecentes Posse; Entorpecentes Trafico;Vitimas de Latrocinio;Vitimas de Lesao Corp Seg Morte
ACEGUA;0;0;0;2;2;0;0;0;2;0;0;0;0;0
AGUA SANTA;1;1;0;2;0;0;0;0;1;0;0;0;0;0
AGUDO;0;0;0;9;0;0;0;0;4;0;1;0;0;0
AJURICABA;0;0;0;2;0;0;0;0;0;0;2;0;0;0
ALECRIM;0;0;0;2;0;0;0;0;2;1;0;0;0;0
ALEGRETE;3;3;0;56;4;2;5;0;35;3;4;8;0;0
ALEGRIA;0;0;0;2;0;0;0;0;0;0;0;0;0;0
ALMIRANTE TAMANDARE DO SUL;0;0;0;1;0;0;0;0;0;1;0;0;0;0
ALPESTRE;0;0;0;1;0;0;0;0;0;1;0;0;0;0
ALTO ALEGRE;0;0;0;0;0;0;0;0;0;0;0;0;0;0
ALTO FELIZ;0;0;0;3;0;0;0;0;1;0;1;0;0;0
ALVORADA;6;6;0;118;2;15;218;35;133;5;14;44;0;0
AMARAL FERRADOR;0;0;0;3;0;0;0;0;1;0;0;0;0;0
AMETISTA DO SUL;0;0;0;3;2;1;0;0;4;1;9;0;0;0
ANDRE DA ROCHA;0;0;0;1;0;0;0;0;0;2;0;0;0;0
ANTA GORDA;0;0;0;3;1;0;0;0;6;0;0;0;0;0
ANTONIO PRADO;1;1;0;3;1;0;0;0;4;0;1;0;0;0
ARAMBARE;0;0;0;18;0;0;0;0;1;0;3;2;0;0
ARARICA;0;0;0;4;0;0;0;1;3;0;0;1;0;0
ARATIBA;0;0;0;0;0;0;1;0;1;0;0;0;0;0
ARROIO DO MEIO;0;0;0;32;0;3;1;0;12;2;1;1;0;0
ARROIO DO PADRE;0;0;0;0;0;0;0;0;0;0;0;0;0;0
ARROIO DO SAL;0;0;0;39;0;2;1;0;20;1;11;7;0;0
ARROIO DO TIGRE;0;0;0;6;2;1;0;0;3;0;0;2;0;0
ARROIO DOS RATOS;0;0;0;7;0;0;3;0;1;1;1;3;0;0
ARROIO GRANDE;0;0;0;12;4;1;3;0;5;0;6;4;0;0
ARVOREZINHA;0;0;0;7;0;1;0;0;2;1;0;0;0;0
AUGUSTO PESTANA;0;0;0;3;1;0;1;0;2;0;0;0;0;0
AUREA;0;0;0;2;0;0;0;0;2;0;0;0;0;0
BAGE;2;2;1;73;8;1;15;0;83;2;6;2;1;0
BALNEARIO PINHAL;0;0;0;20;0;1;9;0;16;0;3;10;0;0
BARAO;0;0;0;0;0;0;0;0;3;0;0;0;0;0
BARAO DE COTEGIPE;0;0;0;1;0;0;0;0;6;0;2;1;0;0
BARAO DO TRIUNFO;0;0;0;1;0;0;0;0;4;0;0;0;0;0
BARRA DO GUARITA;0;0;0;0;0;1;0;0;0;0;0;0;0;0
BARRA DO QUARAI;0;0;0;11;4;0;0;0;0;0;3;1;0;0
BARRA DO RIBEIRO;0;0;0;8;0;0;1;0;4;2;5;3;0;0
BARRA DO RIO AZUL;0;0;0;0;0;0;0;0;0;0;0;0;0;0
BARRA FUNDA;0;0;0;1;0;0;0;0;0;0;0;0;0;0
BARRACAO;0;0;0;4;1;0;0;0;3;0;0;0;0;0
BARROS CASSAL;0;0;0;6;2;1;0;0;0;0;0;0;0;0
BENJAMIN CONSTANT DO SUL;0;0;0;1;1;1;0;0;0;1;0;0;0;0
BENTO GONCALVES;3;7;0;57;0;7;13;2;95;12;11;18;0;0
BOA VISTA DAS MISSOES;0;0;0;1;0;0;0;0;0;0;1;0;0;0
BOA VISTA DO BURICA;0;0;0;0;0;0;1;0;1;0;0;0;0;0
BOA VISTA DO CADEADO;0;0;0;1;0;0;0;0;2;0;0;0;0;0
BOA VISTA DO INCRA;0;0;0;2;1;0;0;0;2;0;0;0;0;0
BOA VISTA DO SUL;0;0;0;3;0;0;0;0;0;0;0;0;0;0
BOM JESUS;0;0;0;11;3;0;1;0;8;0;6;2;0;0
BOM PRINCIPIO;0;0;0;5;0;1;0;0;9;0;9;2;0;0
BOM PROGRESSO;0;0;0;1;0;0;0;0;1;1;0;0;0;0
BOM RETIRO DO SUL;0;0;0;2;0;0;1;0;6;0;3;2;0;0
BOQUEIRAO DO LEAO;0;0;0;0;0;0;0;0;0;0;0;0;0;0
BOSSOROCA;0;0;0;5;3;0;0;0;0;0;2;0;0;0
BOZANO;0;0;0;0;0;0;0;0;0;0;0;1;0;0
BRAGA;0;0;0;2;1;0;0;0;0;0;0;0;0;0
BROCHIER;0;0;0;0;0;0;0;0;2;0;0;0;0;0
BUTIA;0;0;0;20;0;0;4;0;7;3;3;4;0;0
CACAPAVA DO SUL;0;0;0;30;5;2;7;0;24;1;7;4;0;0
CACEQUI;0;0;0;8;3;0;3;0;3;1;3;0;0;0
CACHOEIRA DO SUL;0;0;0;33;1;1;7;0;24;3;1;17;0;0
CACHOEIRINHA;2;2;0;74;0;13;66;13;94;3;21;8;0;0
CACIQUE DOBLE;0;0;0;3;0;0;0;0;2;0;0;0;0;0
CAIBATE;0;0;0;1;0;0;0;0;3;0;0;0;0;0
CAICARA;1;1;0;2;1;2;0;0;1;0;0;0;0;0
CAMAQUA;0;0;0;42;2;1;3;0;29;3;11;11;0;0
CAMARGO;0;0;0;0;0;0;0;0;0;0;4;0;0;0
CAMBARA DO SUL;0;0;0;7;2;0;0;0;3;2;0;0;0;0
CAMPESTRE DA SERRA;0;0;0;4;0;0;0;0;0;0;1;0;0;0
CAMPINA DAS MISSOES;0;0;0;2;1;0;0;0;2;0;1;0;0;0
CAMPINAS DO SUL;0;0;0;4;0;0;0;0;1;1;5;1;0;0
CAMPO BOM;0;0;0;50;0;14;11;5;40;2;1;1;0;0
CAMPO NOVO;0;0;0;5;2;0;1;0;3;1;1;1;0;0
CAMPOS BORGES;0;0;0;1;0;0;1;0;0;0;0;0;0;0
CANDELARIA;1;1;0;27;3;2;4;0;14;1;1;0;0;0
CANDIDO GODOI;0;0;0;1;0;1;0;0;2;0;0;0;0;0
CANDIOTA;0;0;0;11;5;1;0;0;2;0;0;0;0;0
CANELA;3;4;0;38;0;2;7;1;28;10;13;17;0;1
CANGUCU;0;0;0;19;3;0;0;0;15;0;1;1;0;0
CANOAS;2;2;0;309;0;29;221;33;263;8;28;65;0;0
CANUDOS DO VALE;0;0;0;0;0;0;0;0;0;0;0;0;0;0
CAPAO BONITO DO SUL;0;0;0;3;0;0;0;0;0;0;0;0;0;0
CAPAO DA CANOA;2;2;0;135;0;15;23;1;64;5;21;14;0;0
CAPAO DO CIPO;0;0;0;2;1;0;0;0;1;0;0;0;0;0
CAPAO DO LEAO;0;0;0;5;0;2;6;1;11;0;0;0;0;0
CAPELA DE SANTANA;0;0;0;5;2;1;0;0;5;0;0;2;0;0
CAPITAO;0;0;0;0;0;0;0;0;0;0;0;0;0;0
CAPIVARI DO SUL;0;0;0;3;1;0;1;0;1;1;5;0;0;0
CARAA;0;0;0;2;0;0;0;0;2;1;0;0;0;0
CARAZINHO;2;2;0;75;1;2;16;0;38;7;0;10;0;0
CARLOS BARBOSA;0;0;0;13;1;2;1;0;31;0;4;4;0;0
CARLOS GOMES;0;0;0;0;0;0;0;0;0;0;0;0;0;0
CASCA;0;0;0;5;0;1;0;0;11;0;4;1;0;0
CASEIROS;0;0;0;1;0;0;1;0;2;0;0;0;0;0
CATUIPE;0;0;0;6;1;0;0;0;3;0;1;2;0;0
CAXIAS DO SUL;8;8;0;303;0;61;98;45;457;21;9;36;0;1
CENTENARIO;0;0;0;2;2;0;0;0;2;0;0;0;0;0
CERRITO;0;0;0;5;2;0;0;0;1;0;0;0;0;0
CERRO BRANCO;0;0;0;2;0;1;0;0;0;0;0;0;0;0
CERRO GRANDE;0;0;0;5;1;1;0;0;0;0;0;0;0;0
CERRO GRANDE DO SUL;0;0;0;7;2;0;1;0;1;0;0;0;0;0
CERRO LARGO;0;0;0;3;0;1;1;0;6;0;3;6;0;0
CHAPADA;0;0;0;5;0;0;0;0;2;0;0;0;0;0
CHARQUEADAS;0;0;0;13;0;0;1;0;12;2;18;28;0;0
CHARRUA;0;0;0;1;0;0;0;0;0;0;0;1;0;0
CHIAPETTA;0;0;0;4;0;0;1;0;1;0;0;0;0;0
CHUI;0;0;0;9;1;1;1;0;3;3;1;1;0;0
CHUVISCA;0;0;0;4;0;0;0;0;0;0;0;0;0;0
CIDREIRA;0;0;0;40;0;1;9;1;18;3;15;11;0;0
CIRIACO;0;0;0;3;1;0;0;0;0;0;1;0;0;0
COLINAS;0;0;0;1;0;0;0;0;1;1;0;0;0;0
COLORADO;0;0;0;2;0;0;0;0;0;1;0;0;0;0
CONDOR;0;0;0;2;0;0;0;1;0;0;1;1;0;0
CONSTANTINA;0;0;0;2;1;0;0;0;1;1;2;0;0;0
COQUEIRO BAIXO;0;0;0;0;0;0;0;0;1;0;0;0;0;0
COQUEIROS DO SUL;1;1;0;1;0;1;0;0;0;0;0;0;0;0
CORONEL BARROS;0;0;0;1;0;0;0;0;1;0;0;0;0;0
CORONEL BICACO;0;0;0;6;0;0;2;0;0;1;0;0;0;0
CORONEL PILAR;0;0;0;2;0;0;0;0;0;0;0;0;0;0
COTIPORA;0;0;0;6;0;0;0;0;2;0;0;0;0;0
COXILHA;0;0;0;1;0;0;0;0;0;0;0;0;0;0
CRISSIUMAL;0;0;0;5;0;0;0;0;3;1;0;0;0;0
CRISTAL;0;0;0;0;0;0;0;0;2;0;1;1;0;0
CRISTAL DO SUL;0;0;0;0;0;2;0;0;0;0;2;0;0;0
CRUZ ALTA;1;1;0;50;0;3;9;2;31;3;7;7;0;0
CRUZALTENSE;0;0;0;0;0;0;0;0;0;0;0;0;0;0
CRUZEIRO DO SUL;1;3;0;1;0;0;1;1;1;0;1;1;0;0
DAVID CANABARRO;0;0;0;0;0;0;0;0;1;0;1;0;0;0
DERRUBADAS;0;0;0;0;0;0;0;0;1;0;0;0;0;0
DEZESSEIS DE NOVEMBRO;0;0;0;4;3;0;0;0;0;0;0;0;0;0
DILERMANDO DE AGUIAR;0;0;0;1;0;0;0;0;1;1;0;0;0;0
DOIS IRMAOS;0;0;0;12;0;4;4;0;23;2;12;3;0;0
DOIS IRMAOS DAS MISSOES;0;0;0;0;0;0;0;0;0;0;0;0;0;0
DOIS LAJEADOS;0;0;0;1;0;1;0;0;1;0;0;0;0;0
DOM FELICIANO;0;0;0;10;1;0;0;0;6;1;0;0;0;0
DOM PEDRITO;0;0;0;32;8;1;1;0;17;1;1;1;0;0
DOM PEDRO DE ALCANTARA;0;0;0;6;0;0;0;0;0;0;0;0;0;0
DONA FRANCISCA;0;0;0;0;0;0;0;0;1;2;0;1;0;0
DOUTOR RICARDO;0;0;0;1;0;0;0;0;0;0;0;0;0;0
DR MAURICIO CARDOSO;0;0;0;2;0;0;0;0;0;0;0;0;0;0
ELDORADO DO SUL;2;3;0;40;2;4;9;2;15;3;10;2;0;0
ENCANTADO;0;0;0;29;0;2;2;0;13;0;2;4;0;0
ENCRUZILHADA DO SUL;1;1;0;34;2;0;5;1;18;2;1;1;0;0
ENGENHO VELHO;0;0;0;1;0;0;0;0;2;0;0;0;0;0
ENTRE IJUIS;0;0;0;4;0;0;0;0;3;1;2;0;0;0
ENTRE RIOS DO SUL;0;0;0;2;0;0;0;0;1;0;0;0;0;0
EREBANGO;0;0;0;3;0;1;0;0;3;0;0;1;0;0
ERECHIM;3;3;0;78;0;3;9;1;64;16;12;25;0;0
ERNESTINA;1;1;0;4;0;0;0;0;0;1;1;0;0;0
ERVAL GRANDE;0;0;0;1;0;0;0;0;2;0;0;0;0;0
ERVAL SECO;0;0;0;3;1;0;0;0;1;3;0;0;0;0
ESMERALDA;1;1;0;1;1;0;1;0;2;2;2;0;0;0
ESPERANCA DO SUL;0;0;0;0;0;0;0;0;1;0;0;1;0;0
ESPUMOSO;0;0;0;4;0;0;0;0;7;1;1;1;0;0
ESTACAO;0;0;0;2;2;0;0;0;0;0;1;0;0;0
ESTANCIA VELHA;0;0;0;19;0;6;2;4;7;2;5;4;0;0
ESTEIO;0;0;0;85;0;7;27;3;72;3;0;11;0;0
ESTRELA;0;0;0;18;0;1;2;1;17;0;17;7;0;0
ESTRELA VELHA;0;0;0;1;0;0;0;0;1;0;0;0;0;0
EUGENIO DE CASTRO;0;0;0;3;1;0;0;0;1;1;1;0;0;0
FAGUNDES VARELA;0;0;0;0;0;0;0;0;0;0;0;0;0;0
FARROUPILHA;1;1;0;51;1;7;6;3;73;7;16;5;0;0
FAXINAL DO SOTURNO;0;0;0;2;0;0;0;0;3;1;0;4;0;0
FAXINALZINHO;0;0;0;1;0;0;0;0;0;0;1;0;0;0
FAZENDA VILA NOVA;0;0;0;5;0;0;0;0;1;1;2;1;0;0
FELIZ;0;0;0;5;0;2;0;0;11;0;6;0;0;0
FLORES DA CUNHA;1;1;0;14;0;1;1;1;18;4;2;1;0;0
FLORIANO PEIXOTO;0;0;0;0;0;0;0;0;0;0;0;0;0;0
FONTOURA XAVIER;0;0;0;4;1;0;0;0;6;1;0;1;0;0
FORMIGUEIRO;0;0;0;7;3;0;0;0;1;1;0;0;0;0
FORQUETINHA;0;0;0;0;0;0;0;0;0;0;0;0;0;0
FORTALEZA DOS VALOS;0;0;0;4;0;0;0;0;1;1;0;0;0;0
FREDERICO WESTPHALEN;1;1;0;18;0;6;3;0;18;1;17;2;0;0
GARIBALDI;0;0;0;9;0;4;0;1;11;0;5;2;0;0
GARRUCHOS;0;0;0;6;4;0;0;0;0;1;0;0;0;0
GAURAMA;0;0;0;1;0;0;0;0;1;1;0;0;0;0
GENERAL CAMARA;0;0;0;11;1;0;2;0;4;1;0;1;0;0
GENTIL;0;0;0;1;0;0;0;0;0;0;0;0;0;0
GETULIO VARGAS;0;0;0;3;0;0;1;0;8;2;3;11;0;0
GIRUA;0;0;0;8;2;1;0;0;4;1;2;1;0;0
GLORINHA;0;0;0;7;0;0;0;0;5;1;0;1;0;0
GRAMADO;0;0;0;21;0;1;0;0;37;0;15;5;0;0
GRAMADO DOS LOUREIROS;0;0;0;1;0;0;0;0;1;0;0;0;0;0
GRAMADO XAVIER;0;0;0;0;0;0;0;0;2;0;0;0;0;0
GRAVATAI;3;3;0;162;4;20;114;20;206;8;20;32;0;0
GUABIJU;0;0;0;0;0;0;0;0;2;1;0;0;0;0
GUAIBA;2;2;0;47;0;2;21;2;52;2;75;18;0;0
GUAPORE;0;0;0;13;0;2;0;0;20;1;6;9;0;0
GUARANI DAS MISSOES;0;0;0;5;0;0;0;0;1;0;0;0;0;0
HARMONIA;0;0;0;0;0;0;0;0;2;1;0;0;0;0
HERVAL;1;1;0;2;2;0;2;0;4;0;1;0;0;0
HERVEIRAS;0;0;0;2;0;0;0;0;2;0;0;0;0;0
HORIZONTINA;0;0;0;11;1;0;0;0;7;1;5;1;0;0
HULHA NEGRA;0;0;0;4;4;0;0;0;1;0;0;0;0;0
HUMAITA;0;0;0;1;0;0;0;0;0;0;0;0;0;0
IBARAMA;1;1;0;3;1;0;0;0;0;0;0;0;0;0
IBIACA;0;0;0;2;0;0;0;0;2;0;0;0;0;0
IBIRAIARAS;0;0;0;9;1;0;0;0;6;0;0;0;0;0
IBIRAPUITA;0;0;0;1;0;0;0;0;2;0;1;2;0;0
IBIRUBA;0;0;0;8;0;1;0;0;13;0;7;3;0;0
IGREJINHA;0;0;0;32;0;6;2;0;21;0;2;4;0;0
IJUI;1;1;0;70;2;5;5;0;55;3;4;13;0;0
ILOPOLIS;0;0;0;3;0;0;0;0;2;0;2;0;0;0
IMBE;2;2;0;94;1;2;12;0;34;3;10;6;0;0
IMIGRANTE;0;0;0;0;0;0;0;0;2;0;1;0;0;0
INDEPENDENCIA;0;0;0;3;0;1;0;0;0;0;0;0;0;0
INHACORA;0;0;0;0;0;0;0;0;1;0;0;0;0;0
IPE;0;0;0;7;0;0;1;0;4;0;0;1;0;0
IPIRANGA DO SUL;0;0;0;0;0;0;0;0;1;0;0;0;0;0
IRAI;0;0;0;15;0;1;0;0;5;0;2;0;0;0
ITAARA;0;0;0;8;0;0;1;0;2;1;0;1;0;0
ITACURUBI;0;0;0;2;2;0;0;0;0;1;0;0;0;0
ITAPUCA;0;0;0;3;3;0;0;0;0;0;0;0;0;0
ITAQUI;0;0;0;35;1;0;1;0;8;3;5;3;0;0
ITATI;0;0;0;0;0;0;0;0;1;1;0;0;0;0
ITATIBA DO SUL;0;0;0;1;0;0;0;0;0;0;0;0;0;0
IVORA;0;0;0;0;0;0;0;0;0;0;0;0;0;0
IVOTI;0;0;0;5;0;3;1;0;10;0;0;0;0;0
JABOTICABA;0;0;0;2;0;0;0;0;5;0;0;0;0;0
JACUIZINHO;0;0;0;1;0;0;0;0;0;1;0;0;0;0
JACUTINGA;0;0;0;1;0;0;0;0;2;0;0;0;0;0
JAGUARAO;1;1;0;34;3;5;1;0;6;3;2;3;0;0
JAGUARI;0;0;0;5;2;0;0;0;3;0;1;0;0;0
JAQUIRANA;0;0;0;5;2;0;0;0;2;0;0;0;0;0
JARI;0;0;0;1;1;0;0;0;0;0;0;0;0;0
JOIA;0;0;0;3;1;0;0;0;3;0;0;1;0;0
JULIO DE CASTILHOS;0;0;0;16;0;1;3;0;9;0;4;1;0;0
LAGOA BONITA DO SUL;0;0;0;1;0;0;0;0;0;0;0;0;0;0
LAGOA DOS TRES CANTOS;0;0;0;1;0;0;0;0;0;0;0;0;0;0
LAGOA VERMELHA;0;0;0;39;1;2;0;1;21;4;5;7;0;0
LAGOAO;0;0;0;4;1;0;0;0;1;0;0;0;0;0
LAJEADO;0;0;0;37;0;10;5;0;49;4;8;5;0;0
LAJEADO DO BUGRE;0;0;0;0;0;0;0;0;0;0;0;0;0;0
LAVRAS DO SUL;0;0;0;9;4;0;0;0;2;0;0;1;0;0
LIBERATO SALZANO;0;0;0;1;0;0;0;0;0;0;0;1;0;0
LINDOLFO COLLOR;0;0;0;1;0;0;0;0;2;1;0;0;0;0
LINHA NOVA;0;0;0;0;0;0;1;0;1;0;0;0;0;0
MACAMBARA;0;0;0;2;1;0;0;0;0;1;0;0;0;0
MACHADINHO;0;0;0;3;0;0;0;0;2;1;0;0;0;0
MAMPITUBA;0;0;0;0;0;0;0;0;0;0;0;0;0;0
MANOEL VIANA;0;0;0;3;0;0;0;0;5;0;0;0;0;0
MAQUINE;0;0;0;4;0;1;0;0;2;0;0;0;0;0
MARATA;0;0;0;1;0;0;0;0;1;0;0;0;0;0
MARAU;0;0;0;42;2;0;1;0;38;2;3;1;0;0
MARCELINO RAMOS;0;0;0;3;0;0;0;0;0;1;0;0;0;0
MARIANA PIMENTEL;0;0;0;0;0;0;1;0;1;0;1;0;0;0
MARIANO MORO;0;0;0;2;0;0;0;0;0;1;0;0;0;0
MARQUES DE SOUZA;0;0;0;2;0;0;0;0;0;0;0;0;0;0
MATA;0;0;0;1;0;0;0;0;4;0;0;0;0;0
MATO CASTELHANO;0;0;0;1;0;0;0;0;2;0;1;0;0;0
MATO LEITAO;0;0;0;3;0;0;1;0;1;0;0;0;0;0
MATO QUEIMADO;0;0;0;0;0;0;0;0;1;0;0;0;0;0
MAXIMILIANO DE ALMEIDA;0;0;0;2;0;0;0;0;1;1;0;1;0;0
MINAS DO LEAO;0;0;0;2;0;0;0;0;2;0;0;1;0;0
MIRAGUAI;1;1;0;3;1;1;0;0;0;1;0;0;0;0
MONTAURI;0;0;0;0;0;0;0;0;0;0;0;0;0;0
MONTE ALEGRE DOS CAMPOS;0;0;0;3;1;0;0;0;0;0;0;0;0;0
MONTE BELO DO SUL;0;0;0;2;0;0;0;0;0;0;0;0;0;0
MONTENEGRO;0;0;0;62;2;2;4;0;39;1;20;14;0;0
MORMACO;0;0;0;4;0;0;0;0;0;0;0;0;0;0
MORRINHOS DO SUL;0;0;0;0;0;0;0;0;0;0;0;0;0;0
MORRO REDONDO;0;0;0;1;0;0;0;0;2;0;0;0;0;0
MORRO REUTER;0;0;0;2;0;0;0;0;2;0;0;0;0;0
MOSTARDAS;0;0;0;11;0;1;1;0;6;0;0;4;0;0
MUCUM;0;0;0;3;0;0;1;0;0;0;0;0;0;0
MUITOS CAPOES;0;0;0;3;2;1;0;0;0;0;0;0;0;0
MULITERNO;0;0;0;0;0;0;0;0;2;0;0;0;0;0
NAO-ME-TOQUE;0;0;0;5;0;1;1;0;13;2;3;3;0;0
NICOLAU VERGUEIRO;0;0;0;1;0;0;0;0;0;1;1;0;0;0
NONOAI;0;0;0;3;0;0;0;0;0;0;6;2;0;0
NOVA ALVORADA;0;0;0;1;0;0;0;0;2;0;0;0;0;0
NOVA ARACA;0;0;0;3;0;0;0;0;0;0;0;0;0;0
NOVA BASSANO;0;0;0;4;0;0;0;0;6;0;1;0;0;0
NOVA BOA VISTA;0;0;0;2;0;0;0;0;0;1;0;0;0;0
NOVA BRESCIA;0;0;0;3;0;0;0;0;1;1;1;0;0;0
NOVA CANDELARIA;0;0;0;1;1;0;0;0;0;0;0;0;0;0
NOVA ESPERANCA DO SUL;0;0;0;0;0;0;0;0;2;0;0;0;0;0
NOVA HARTZ;0;0;0;7;1;0;1;0;21;0;9;3;0;0
NOVA PADUA;0;0;0;0;0;0;0;0;0;0;0;0;0;0
NOVA PALMA;0;0;0;2;1;0;0;1;1;0;0;0;0;0
NOVA PETROPOLIS;1;1;0;3;0;1;0;0;15;0;7;1;0;0
NOVA PRATA;0;0;0;7;0;0;0;0;12;1;7;4;0;0
NOVA RAMADA;0;0;0;2;0;0;0;0;1;0;0;0;0;0
NOVA ROMA DO SUL;0;0;0;1;1;0;0;0;0;0;0;1;0;0
NOVA SANTA RITA;0;0;0;24;3;2;6;1;20;1;3;0;0;0
NOVO BARREIRO;0;0;0;3;0;0;0;0;1;0;0;0;0;0
NOVO CABRAIS;0;0;0;4;0;0;0;0;2;0;0;0;0;0
NOVO HAMBURGO;3;3;0;253;0;37;96;23;110;12;13;19;0;0
NOVO MACHADO;0;0;0;0;0;0;0;0;0;0;0;0;0;0
NOVO TIRADENTES;0;0;0;0;0;0;0;0;1;0;0;0;0;0
NOVO XINGU;0;0;0;1;0;0;0;0;0;0;0;0;0;0
OSORIO;0;0;0;78;1;2;2;4;30;0;13;15;0;0
PAIM FILHO;0;0;0;3;1;1;0;0;0;0;2;0;0;0
PALMARES DO SUL;0;0;0;15;1;0;4;0;8;0;2;3;0;0
PALMEIRA DAS MISSOES;0;0;0;31;1;3;3;1;24;1;3;2;0;0
PALMITINHO;0;0;0;7;2;3;0;0;3;1;0;0;0;0
PANAMBI;0;0;0;29;0;0;0;1;24;4;2;0;0;0
PANTANO GRANDE;0;0;0;5;2;0;0;0;2;0;1;0;0;0
PARAI;0;0;0;3;0;0;0;0;3;0;0;0;0;0
PARAISO DO SUL;0;0;0;1;0;1;0;0;2;2;0;0;0;0
PARECI NOVO;0;0;0;1;0;0;0;0;0;0;1;0;0;0
PAROBE;1;1;0;28;0;11;4;1;28;0;2;3;0;0
PASSA SETE;0;0;0;2;1;1;0;0;0;0;0;0;0;0
PASSO DO SOBRADO;0;0;0;5;1;0;0;0;1;0;0;0;0;0
PASSO FUNDO;1;1;0;179;1;8;40;5;141;13;18;25;0;0
PAULO BENTO;0;0;0;1;0;0;0;0;0;0;1;0;0;0
PAVERAMA;0;0;0;2;0;0;0;0;2;0;1;0;0;0
PEDRAS ALTAS;0;0;0;1;0;0;0;0;0;0;0;0;0;0
PEDRO OSORIO;0;0;0;6;0;0;1;0;3;1;0;1;0;0
PEJUCARA;0;0;0;1;0;0;0;0;3;0;0;0;0;0
PELOTAS;2;2;0;195;0;16;107;2;189;9;11;36;0;0
PICADA CAFE;0;0;0;4;0;0;0;0;2;0;0;0;0;0
PINHAL;0;0;0;2;0;0;0;0;1;0;0;0;0;0
PINHAL DA SERRA;0;0;0;0;0;0;0;0;2;0;0;0;0;0
PINHAL GRANDE;1;1;0;0;0;0;0;0;2;0;0;0;0;0
PINHEIRINHO DO VALE;0;0;0;0;0;0;1;0;0;0;0;0;0;0
PINHEIRO MACHADO;0;0;0;6;2;0;1;1;2;0;0;0;0;0
PINTO BANDEIRA;0;0;0;1;0;0;0;0;0;0;0;0;0;0
PIRAPO;0;0;0;2;1;0;0;0;0;1;0;0;0;0
PIRATINI;0;0;0;14;5;0;3;0;4;0;1;0;0;0
PLANALTO;0;0;0;0;0;0;0;0;5;0;0;2;0;0
POCO DAS ANTAS;0;0;0;1;0;0;0;0;1;0;0;0;0;0
PONTAO;0;0;0;1;0;0;0;0;1;1;0;0;0;0
PONTE PRETA;0;0;0;0;0;0;0;0;1;0;0;0;0;0
PORTAO;0;0;0;20;1;0;10;1;8;2;1;4;0;0
PORTO ALEGRE;23;25;1;1786;1;139;1628;198;1475;65;171;176;1;0
PORTO LUCENA;0;0;0;5;0;0;0;0;0;2;1;0;0;0
PORTO MAUA;0;0;0;3;1;0;0;0;0;0;0;0;0;0
PORTO VERA CRUZ;0;0;0;4;2;0;0;0;0;0;0;0;0;0
PORTO XAVIER;0;0;0;3;1;1;0;0;1;0;2;2;0;0
POUSO NOVO;1;1;0;1;0;0;3;0;0;0;1;0;0;0
PRESIDENTE LUCENA;0;0;0;0;0;0;0;0;4;0;0;0;0;0
PROGRESSO;0;0;0;6;2;0;1;0;0;0;1;0;0;0
PROTASIO ALVES;0;0;0;0;0;0;0;0;0;1;0;0;0;0
PUTINGA;0;0;0;1;0;0;0;0;2;0;0;0;0;0
QUARAI;0;0;0;26;4;3;1;0;5;1;1;5;0;0
QUATRO IRMAOS;0;0;0;0;0;0;0;0;0;1;0;0;0;0
QUEVEDOS;0;0;0;2;1;0;0;0;0;0;0;0;0;0
QUINZE DE NOVEMBRO;0;0;0;2;1;0;0;0;1;1;1;0;0;0
REDENTORA;0;0;0;4;0;0;1;0;1;0;1;0;0;0
RELVADO;0;0;0;0;0;0;0;0;0;0;0;0;0;0
RESTINGA SECA;1;1;0;8;1;1;0;0;4;0;2;1;0;0
RIO DOS INDIOS;0;0;0;2;0;0;0;0;0;1;0;0;0;0
RIO GRANDE;5;5;0;244;0;18;123;4;145;9;22;64;0;0
RIO PARDO;0;0;0;21;3;0;1;0;9;3;0;3;0;0
RIOZINHO;0;0;0;4;0;0;0;0;0;0;1;0;0;0
ROCA SALES;0;0;0;7;0;0;1;0;3;0;1;0;0;0
RODEIO BONITO;1;1;0;1;1;1;0;0;6;0;5;2;0;0
ROLADOR;0;0;0;1;0;1;0;0;1;0;0;0;0;0
ROLANTE;0;0;0;10;0;0;0;1;4;0;3;2;0;0
RONDA ALTA;0;0;0;5;0;1;0;0;3;1;0;1;0;0
RONDINHA;0;0;0;1;1;0;0;0;0;0;0;0;0;0
ROQUE GONZALES;0;0;0;3;0;0;0;0;0;1;0;0;0;0
ROSARIO DO SUL;0;0;0;17;5;4;0;0;9;0;5;5;0;0
SAGRADA FAMILIA;0;0;0;3;0;0;0;0;1;0;0;0;0;0
SALDANHA MARINHO;0;0;0;0;0;0;0;0;1;0;1;0;0;0
SALTO DO JACUI;0;0;0;13;1;0;1;0;17;1;1;0;0;0
SALVADOR DAS MISSOES;0;0;0;0;0;0;0;0;2;0;0;0;0;0
SALVADOR DO SUL;1;1;0;2;0;0;0;0;5;0;0;1;0;0
SANANDUVA;0;0;0;2;0;0;2;0;5;0;0;0;0;0
SANTA BARBARA DO SUL;0;0;0;8;0;1;0;0;2;0;1;3;0;0
SANTA CECILIA DO SUL;0;0;0;1;0;0;0;0;0;0;0;0;0;0
SANTA CLARA DO SUL;0;0;0;5;1;0;0;0;3;0;0;0;0;0
SANTA CRUZ DO SUL;3;3;0;76;1;4;10;0;95;2;7;14;0;0
SANTA MARGARIDA DO SUL;0;0;0;5;2;0;0;0;1;0;0;0;0;0
SANTA MARIA;4;4;1;325;8;16;65;2;252;25;21;32;1;0
SANTA MARIA DO HERVAL;1;1;0;0;0;0;0;0;2;0;0;0;0;0
SANTA ROSA;1;1;0;68;0;4;4;0;48;6;13;12;0;0
SANTA TEREZA;0;0;0;1;0;0;0;0;0;0;2;1;0;0
SANTA VITORIA DO PALMAR;0;0;0;39;6;1;7;0;12;1;2;12;0;0
SANTANA DA BOA VISTA;0;0;0;7;2;0;0;0;2;0;0;0;0;0
SANTANA DO LIVRAMENTO;1;3;0;69;7;5;8;0;31;1;5;6;0;0
SANTIAGO;0;0;0;19;3;1;1;0;32;3;16;11;0;0
SANTO ANGELO;1;1;0;83;4;3;9;0;31;5;10;18;0;0
SANTO ANTONIO DA PATRULHA;0;0;0;34;2;4;7;2;13;2;5;6;0;0
SANTO ANTONIO DAS MISSOES;0;0;0;4;0;0;0;0;2;0;4;2;0;0
SANTO ANTONIO DO PALMA;0;0;0;0;0;0;0;0;0;0;0;0;0;0
SANTO ANTONIO DO PLANALTO;0;0;0;0;0;1;0;0;0;0;0;0;0;0
SANTO AUGUSTO;0;0;0;13;0;0;0;0;5;0;2;0;0;0
SANTO CRISTO;0;0;0;2;0;0;0;0;2;1;3;0;0;0
SANTO EXPEDITO DO SUL;1;1;0;0;0;0;0;0;1;0;0;0;0;0
SAO BORJA;0;0;0;67;5;2;3;0;29;2;1;7;0;0
SAO DOMINGOS DO SUL;0;0;0;2;0;0;1;0;0;1;0;0;0;0
SAO FRANCISCO DE ASSIS;0;0;0;6;1;1;2;0;6;1;1;3;0;0
SAO FRANCISCO DE PAULA;0;0;0;23;0;4;0;1;5;3;1;1;0;0
SAO GABRIEL;1;1;0;76;5;4;5;0;22;8;4;17;0;0
SAO JERONIMO;0;0;0;17;2;2;4;1;3;0;12;10;0;0
SAO JOAO DA URTIGA;0;0;0;2;0;0;0;0;2;0;0;0;0;0
SAO JOAO DO POLESINE;1;1;0;3;0;0;0;0;8;0;0;0;0;0
SAO JORGE;0;0;0;0;0;0;0;0;1;0;0;0;0;0
SAO JOSE DAS MISSOES;0;0;0;0;0;0;0;0;1;0;0;0;0;0
SAO JOSE DO HERVAL;0;0;0;1;0;0;2;0;1;0;0;0;0;0
SAO JOSE DO HORTENCIO;0;0;0;1;0;0;0;0;3;0;0;0;0;0
SAO JOSE DO INHACORA;0;0;0;1;0;0;0;0;1;0;0;0;0;0
SAO JOSE DO NORTE;1;1;0;12;0;0;0;0;2;0;6;2;0;0
SAO JOSE DO OURO;0;0;0;3;1;0;1;0;7;0;0;0;0;0
SAO JOSE DO SUL;0;0;0;3;1;0;0;0;1;0;0;0;0;0
SAO JOSE DOS AUSENTES;0;0;0;2;0;0;0;0;1;1;0;0;0;0
SAO LEOPOLDO;3;3;0;287;0;34;114;31;171;9;12;37;0;0
SAO LOURENCO DO SUL;0;0;0;20;1;0;7;0;14;1;21;3;0;0
SAO LUIZ GONZAGA;0;0;0;39;4;2;2;0;10;3;13;4;0;0
SAO MARCOS;0;0;0;3;0;1;1;1;8;0;2;2;0;0
SAO MARTINHO;0;0;0;1;0;0;0;0;4;0;0;0;0;0
SAO MARTINHO DA SERRA;0;0;0;7;3;0;0;0;0;0;0;0;0;0
SAO MIGUEL DAS MISSOES;0;0;0;5;1;0;0;0;0;0;1;0;0;0
SAO NICOLAU;0;0;0;3;2;0;0;0;0;1;0;0;0;0
SAO PAULO DAS MISSOES;0;0;0;2;1;0;0;0;3;0;0;0;0;0
SAO PEDRO DA SERRA;0;0;0;2;0;0;0;0;0;0;1;0;0;0
SAO PEDRO DAS MISSOES;0;0;0;1;0;0;0;0;1;0;0;0;0;0
SAO PEDRO DO BUTIA;0;0;0;1;0;0;0;0;0;0;0;0;0;0
SAO PEDRO DO SUL;0;0;0;31;8;0;1;0;11;0;3;0;0;0
SAO SEBASTIAO DO CAI;0;0;0;18;1;1;1;1;22;0;16;4;0;0
SAO SEPE;0;0;0;15;3;1;2;1;7;1;1;3;0;0
SAO VALENTIM;0;0;0;3;0;0;0;0;0;0;0;0;0;0
SAO VALENTIM DO SUL;0;0;0;3;0;0;0;0;0;0;0;0;0;0
SAO VALERIO DO SUL;0;0;0;0;0;0;0;0;0;0;0;0;0;0
SAO VENDELINO;0;0;0;3;0;0;0;0;0;0;0;0;0;0
SAO VICENTE DO SUL;0;0;0;7;3;0;0;0;2;1;1;0;0;0
SAPIRANGA;0;0;0;57;0;7;14;1;53;3;22;12;0;0
SAPUCAIA DO SUL;0;0;0;110;0;13;55;10;59;3;16;22;0;0
SARANDI;0;0;0;20;0;1;1;0;6;2;5;2;0;0
SEBERI;0;0;0;2;0;0;0;0;6;0;0;3;0;0
SEDE NOVA;0;0;0;2;0;0;0;0;0;0;0;0;0;0
SEGREDO;0;0;0;1;0;1;0;0;1;0;0;0;0;0
SELBACH;0;0;0;5;0;0;0;0;4;0;0;1;0;0
SENADOR SALGADO FILHO;0;0;0;2;1;0;0;0;1;0;0;0;0;0
SENTINELA DO SUL;0;0;0;4;1;0;0;0;2;1;2;1;0;0
SERAFINA CORREA;1;1;0;2;0;0;0;0;9;0;5;0;0;0
SERIO;0;0;0;0;0;0;0;0;0;0;0;0;0;0
SERTAO;0;0;0;1;0;1;0;0;0;0;0;0;0;0
SERTAO SANTANA;0;0;0;4;0;0;0;0;0;1;2;0;0;0
SETE DE SETEMBRO;0;0;0;1;1;0;0;0;0;0;0;0;0;0
SEVERIANO DE ALMEIDA;0;0;0;0;0;0;0;0;3;0;0;0;0;0
SILVEIRA MARTINS;0;0;0;2;0;0;0;0;0;0;0;0;0;0
SINIMBU;0;0;0;4;1;0;0;0;2;0;0;0;0;0
SOBRADINHO;0;0;0;14;0;1;3;1;2;0;5;11;0;0
SOLEDADE;0;0;0;64;6;2;2;0;11;8;10;7;0;0
TABAI;0;0;0;2;1;0;1;0;2;0;0;0;0;0
TAPEJARA;1;1;0;13;0;4;0;0;13;1;11;3;0;0
TAPERA;0;0;0;5;0;0;1;0;4;1;4;0;0;0
TAPES;0;0;0;21;2;1;5;1;3;1;9;6;0;0
TAQUARA;0;0;0;40;1;5;3;0;27;4;8;3;0;0
TAQUARI;0;0;0;11;1;1;0;1;5;1;2;0;0;0
TAQUARUCU DO SUL;0;0;0;4;0;0;0;0;0;0;0;0;0;0
TAVARES;1;1;0;6;0;0;0;0;3;0;0;0;0;0
TENENTE PORTELA;0;0;0;7;1;1;0;0;1;0;0;0;0;0
TERRA DE AREIA;0;0;0;13;1;0;0;1;2;0;0;3;0;0
TEUTONIA;1;1;0;11;0;0;4;0;19;1;2;1;0;0
TIO HUGO;0;0;0;1;0;0;0;0;0;0;0;0;0;0
TIRADENTES DO SUL;0;0;0;0;0;2;0;0;1;0;0;1;0;0
TOROPI;0;0;0;4;1;0;0;0;0;0;0;0;0;0
TORRES;1;1;0;68;1;16;2;2;49;1;28;8;0;0
TRAMANDAI;2;2;0;156;2;11;36;4;67;2;16;33;0;0
TRAVESSEIRO;0;0;0;0;0;0;0;0;0;0;0;0;0;0
TRES ARROIOS;0;0;0;1;0;0;0;0;0;0;0;0;0;0
TRES CACHOEIRAS;0;0;1;9;0;1;0;0;4;0;1;0;1;0
TRES COROAS;0;0;0;30;1;1;1;0;8;0;4;2;0;0
TRES DE MAIO;0;0;0;10;0;3;2;0;13;0;4;5;0;0
TRES FORQUILHAS;0;0;1;0;0;0;2;0;0;0;0;0;1;0
TRES PALMEIRAS;0;0;0;2;0;0;0;0;0;0;0;0;0;0
TRES PASSOS;0;0;0;17;0;1;0;0;7;1;1;6;0;0
TRINDADE DO SUL;0;0;0;9;0;0;0;0;2;0;1;2;0;0
TRIUNFO;1;1;0;12;1;1;0;0;5;3;4;5;0;0
TUCUNDUVA;0;0;0;2;0;1;0;0;2;0;0;0;0;0
TUNAS;0;0;0;2;0;1;0;0;1;0;0;0;0;0
TUPANCI DO SUL;0;0;0;1;1;0;0;0;1;0;0;0;0;0
TUPANCIRETA;0;0;0;12;1;0;3;0;8;1;1;0;0;0
TUPANDI;0;0;0;1;0;0;0;0;2;0;2;0;0;0
TUPARENDI;0;0;0;2;0;0;0;0;2;1;0;0;0;0
TURUCU;0;0;0;1;0;0;0;0;0;0;0;0;0;0
UBIRETAMA;0;0;0;0;0;0;0;0;0;0;0;0;0;0
UNIAO DA SERRA;0;0;0;1;0;0;0;0;0;0;0;0;0;0
UNISTALDA;0;0;0;1;1;0;0;0;0;0;0;0;0;0
URUGUAIANA;2;2;0;104;2;3;30;0;46;5;19;36;0;0
VACARIA;0;0;0;68;1;3;10;2;23;5;19;7;0;1
VALE DO SOL;1;1;0;4;0;0;0;0;3;0;0;0;0;0
VALE REAL;0;0;0;1;0;0;0;0;3;0;0;0;0;0
VALE VERDE;0;0;0;1;0;0;0;0;1;1;0;0;0;0
VANINI;0;0;0;0;0;0;0;0;1;0;2;0;0;0
VENANCIO AIRES;0;0;0;49;1;4;4;1;26;2;1;3;0;0
VERA CRUZ;1;1;0;8;1;1;2;0;10;0;0;1;0;0
VERANOPOLIS;0;0;0;13;0;0;0;0;16;0;16;4;0;0
VESPASIANO CORREA;0;0;0;0;0;0;0;0;0;0;0;0;0;0
VIADUTOS;0;0;0;1;0;1;0;0;1;0;1;1;0;0
VIAMAO;5;5;1;135;5;19;226;59;119;19;27;30;1;0
VICENTE DUTRA;0;0;0;1;0;0;0;0;0;0;2;1;0;0
VICTOR GRAEFF;0;0;0;0;0;0;0;0;4;1;0;0;0;0
VILA FLORES;0;0;0;1;0;0;0;0;1;0;0;0;0;0
VILA LANGARO;0;0;0;2;0;0;0;0;0;0;0;0;0;0
VILA MARIA;0;0;0;2;0;0;2;0;2;0;0;0;0;0
VILA NOVA DO SUL;0;0;0;2;0;0;0;0;0;0;0;1;0;0
VISTA ALEGRE;0;0;0;4;2;0;0;0;0;0;0;0;0;0
VISTA ALEGRE DO PRATA;0;0;0;0;0;0;0;0;0;0;0;0;0;0
VISTA GAUCHA;0;0;0;0;0;0;0;0;1;0;1;0;0;0
VITORIA DAS MISSOES;0;0;0;1;0;0;0;0;2;0;0;0;0;0
WESTFALIA;0;0;0;1;0;0;0;0;2;0;0;0;0;0
XANGRI-LA;0;0;0;86;0;3;4;0;31;1;7;2;0;0
